<?xml version="1.0" encoding="UTF-8"?>
<!-- IMPORTANT: This is an internal file that has been generated
     by the Xilinx ISE software.  Any direct editing or
     changes made to this file may result in unpredictable
     behavior or data corruption.  It is strongly advised that
     users do not edit the contents of this file. -->
<DeviceUsageSummary rev="15">
<DesignStatistics TimeStamp="Wed Oct 22 18:00:58 2025"><group name="NetStatistics">
<item name="NumNets_Active" rev="15">
<attrib name="value" value="2409"/></item>
<item name="NumNets_Gnd" rev="15">
<attrib name="value" value="1"/></item>
<item name="NumNets_Vcc" rev="15">
<attrib name="value" value="1"/></item>
<item name="NumNodesOfType_Active_BRAMADDR" rev="15">
<attrib name="value" value="108"/></item>
<item name="NumNodesOfType_Active_BRAMDUMMY" rev="15">
<attrib name="value" value="130"/></item>
<item name="NumNodesOfType_Active_CLKPIN" rev="15">
<attrib name="value" value="613"/></item>
<item name="NumNodesOfType_Active_CNTRLPIN" rev="15">
<attrib name="value" value="497"/></item>
<item name="NumNodesOfType_Active_DOUBLE" rev="15">
<attrib name="value" value="4176"/></item>
<item name="NumNodesOfType_Active_DUMMY" rev="15">
<attrib name="value" value="2482"/></item>
<item name="NumNodesOfType_Active_DUMMYBANK" rev="15">
<attrib name="value" value="90"/></item>
<item name="NumNodesOfType_Active_DUMMYESC" rev="15">
<attrib name="value" value="1"/></item>
<item name="NumNodesOfType_Active_GLOBAL" rev="15">
<attrib name="value" value="192"/></item>
<item name="NumNodesOfType_Active_HFULLHEX" rev="15">
<attrib name="value" value="44"/></item>
<item name="NumNodesOfType_Active_HLONG" rev="15">
<attrib name="value" value="6"/></item>
<item name="NumNodesOfType_Active_HUNIHEX" rev="15">
<attrib name="value" value="185"/></item>
<item name="NumNodesOfType_Active_INPUT" rev="15">
<attrib name="value" value="5345"/></item>
<item name="NumNodesOfType_Active_IOBOUTPUT" rev="15">
<attrib name="value" value="1"/></item>
<item name="NumNodesOfType_Active_OMUX" rev="15">
<attrib name="value" value="1563"/></item>
<item name="NumNodesOfType_Active_OUTPUT" rev="15">
<attrib name="value" value="2395"/></item>
<item name="NumNodesOfType_Active_PREBXBY" rev="15">
<attrib name="value" value="2279"/></item>
<item name="NumNodesOfType_Active_VFULLHEX" rev="15">
<attrib name="value" value="329"/></item>
<item name="NumNodesOfType_Active_VLONG" rev="15">
<attrib name="value" value="90"/></item>
<item name="NumNodesOfType_Active_VUNIHEX" rev="15">
<attrib name="value" value="341"/></item>
<item name="NumNodesOfType_Vcc_BRAMADDR" rev="15">
<attrib name="value" value="1"/></item>
<item name="NumNodesOfType_Vcc_BRAMDUMMY" rev="15">
<attrib name="value" value="6"/></item>
<item name="NumNodesOfType_Vcc_CNTRLPIN" rev="15">
<attrib name="value" value="52"/></item>
<item name="NumNodesOfType_Vcc_DUMMY" rev="15">
<attrib name="value" value="328"/></item>
<item name="NumNodesOfType_Vcc_INPUT" rev="15">
<attrib name="value" value="352"/></item>
<item name="NumNodesOfType_Vcc_PREBXBY" rev="15">
<attrib name="value" value="17"/></item>
<item name="NumNodesOfType_Vcc_VCCOUT" rev="15">
<attrib name="value" value="64"/></item>
</group>
<group name="SiteStatistics">
<item name="IBUF-DIFFM" rev="15">
<attrib name="value" value="1"/></item>
<item name="SLICEL-SLICEM" rev="15">
<attrib name="value" value="281"/></item>
</group>
<group name="MiscellaneousStatistics">
<item name="AGG_BONDED_IO" rev="14">
<attrib name="value" value="1"/></item>
<item name="AGG_IO" rev="14">
<attrib name="value" value="1"/></item>
<item name="AGG_SLICE" rev="14">
<attrib name="value" value="1258"/></item>
<item name="NUM_4_INPUT_LUT" rev="14">
<attrib name="value" value="1420"/></item>
<item name="NUM_BONDED_IBUF" rev="14">
<attrib name="value" value="1"/></item>
<item name="NUM_BSCAN" rev="14">
<attrib name="value" value="1"/></item>
<item name="NUM_BUFGMUX" rev="14">
<attrib name="value" value="2"/></item>
<item name="NUM_CARRY_SKIP" rev="14">
<attrib name="value" value="3"/></item>
<item name="NUM_CYMUX" rev="14">
<attrib name="value" value="103"/></item>
<item name="NUM_DP_RAM" rev="14">
<attrib name="value" value="8"/></item>
<item name="NUM_LUT_RT" rev="14">
<attrib name="value" value="846"/></item>
<item name="NUM_RAMB16" rev="14">
<attrib name="value" value="5"/></item>
<item name="NUM_RPM" rev="14">
<attrib name="value" value="12"/></item>
<item name="NUM_SHIFT" rev="14">
<attrib name="value" value="154"/></item>
<item name="NUM_SLICEL" rev="14">
<attrib name="value" value="914"/></item>
<item name="NUM_SLICEM" rev="14">
<attrib name="value" value="344"/></item>
<item name="NUM_SLICE_FF" rev="14">
<attrib name="value" value="1010"/></item>
<item name="NUM_SLICE_LATCH" rev="14">
<attrib name="value" value="3"/></item>
<item name="NUM_XOR" rev="14">
<attrib name="value" value="82"/></item>
<item name="Xilinx Core blk_mem_gen_v6_2, Xilinx CORE Generator 13.4" rev="14">
<attrib name="value" value="1"/></item>
<item name="Xilinx Core chipscope_icon_v1_05_a, Xilinx CORE Generator 13.4" rev="14">
<attrib name="value" value="1"/></item>
<item name="Xilinx Core chipscope_ila_v1_04_a, Xilinx CORE Generator 13.4" rev="14">
<attrib name="value" value="1"/></item>
</group>
</DesignStatistics>
<DeviceUsage TimeStamp="Wed Oct 22 18:00:58 2025"><group name="SiteSummary">
<item name="BSCAN" rev="15">
<attrib name="total" value="1000000"/><attrib name="used" value="1"/></item>
<item name="BSCAN_BSCAN_BLACKBOX" rev="15">
<attrib name="total" value="1000000"/><attrib name="used" value="1"/></item>
<item name="BUFGMUX" rev="15">
<attrib name="total" value="1000000"/><attrib name="used" value="2"/></item>
<item name="BUFGMUX_GCLKMUX" rev="15">
<attrib name="total" value="1000000"/><attrib name="used" value="2"/></item>
<item name="BUFGMUX_GCLK_BUFFER" rev="15">
<attrib name="total" value="1000000"/><attrib name="used" value="2"/></item>
<item name="IBUF" rev="15">
<attrib name="total" value="1000000"/><attrib name="used" value="1"/></item>
<item name="IBUF_INBUF" rev="15">
<attrib name="total" value="1000000"/><attrib name="used" value="1"/></item>
<item name="IBUF_PAD" rev="15">
<attrib name="total" value="1000000"/><attrib name="used" value="1"/></item>
<item name="RAMB16" rev="15">
<attrib name="total" value="1000000"/><attrib name="used" value="5"/></item>
<item name="RAMB16_RAMB16" rev="15">
<attrib name="total" value="1000000"/><attrib name="used" value="5"/></item>
<item name="RAMB16_RAMB16A" rev="15">
<attrib name="total" value="1000000"/><attrib name="used" value="5"/></item>
<item name="RAMB16_RAMB16B" rev="15">
<attrib name="total" value="1000000"/><attrib name="used" value="5"/></item>
<item name="SLICEL" rev="15">
<attrib name="total" value="1000000"/><attrib name="used" value="914"/></item>
<item name="SLICEL_C1VDD" rev="15">
<attrib name="total" value="1000000"/><attrib name="used" value="1"/></item>
<item name="SLICEL_CYMUXF" rev="15">
<attrib name="total" value="1000000"/><attrib name="used" value="47"/></item>
<item name="SLICEL_CYMUXG" rev="15">
<attrib name="total" value="1000000"/><attrib name="used" value="40"/></item>
<item name="SLICEL_F" rev="15">
<attrib name="total" value="1000000"/><attrib name="used" value="365"/></item>
<item name="SLICEL_F5MUX" rev="15">
<attrib name="total" value="1000000"/><attrib name="used" value="293"/></item>
<item name="SLICEL_F6MUX" rev="15">
<attrib name="total" value="1000000"/><attrib name="used" value="203"/></item>
<item name="SLICEL_FFX" rev="15">
<attrib name="total" value="1000000"/><attrib name="used" value="414"/></item>
<item name="SLICEL_FFY" rev="15">
<attrib name="total" value="1000000"/><attrib name="used" value="491"/></item>
<item name="SLICEL_G" rev="15">
<attrib name="total" value="1000000"/><attrib name="used" value="504"/></item>
<item name="SLICEL_GNDF" rev="15">
<attrib name="total" value="1000000"/><attrib name="used" value="29"/></item>
<item name="SLICEL_GNDG" rev="15">
<attrib name="total" value="1000000"/><attrib name="used" value="24"/></item>
<item name="SLICEL_XORF" rev="15">
<attrib name="total" value="1000000"/><attrib name="used" value="40"/></item>
<item name="SLICEL_XORG" rev="15">
<attrib name="total" value="1000000"/><attrib name="used" value="38"/></item>
<item name="SLICEM" rev="15">
<attrib name="total" value="1000000"/><attrib name="used" value="344"/></item>
<item name="SLICEM_CYMUXF" rev="15">
<attrib name="total" value="1000000"/><attrib name="used" value="8"/></item>
<item name="SLICEM_CYMUXG" rev="15">
<attrib name="total" value="1000000"/><attrib name="used" value="8"/></item>
<item name="SLICEM_F" rev="15">
<attrib name="total" value="1000000"/><attrib name="used" value="211"/></item>
<item name="SLICEM_F5MUX" rev="15">
<attrib name="total" value="1000000"/><attrib name="used" value="273"/></item>
<item name="SLICEM_F6MUX" rev="15">
<attrib name="total" value="1000000"/><attrib name="used" value="262"/></item>
<item name="SLICEM_FFX" rev="15">
<attrib name="total" value="1000000"/><attrib name="used" value="57"/></item>
<item name="SLICEM_FFY" rev="15">
<attrib name="total" value="1000000"/><attrib name="used" value="51"/></item>
<item name="SLICEM_FMC15_BLACKBOX" rev="15">
<attrib name="total" value="1000000"/><attrib name="used" value="23"/></item>
<item name="SLICEM_G" rev="15">
<attrib name="total" value="1000000"/><attrib name="used" value="340"/></item>
<item name="SLICEM_GMC15_BLACKBOX" rev="15">
<attrib name="total" value="1000000"/><attrib name="used" value="28"/></item>
<item name="SLICEM_GNDF" rev="15">
<attrib name="total" value="1000000"/><attrib name="used" value="8"/></item>
<item name="SLICEM_GNDG" rev="15">
<attrib name="total" value="1000000"/><attrib name="used" value="5"/></item>
<item name="SLICEM_VDDG" rev="15">
<attrib name="total" value="1000000"/><attrib name="used" value="3"/></item>
<item name="SLICEM_WSGEN" rev="15">
<attrib name="total" value="1000000"/><attrib name="used" value="83"/></item>
<item name="SLICEM_XORF" rev="15">
<attrib name="total" value="1000000"/><attrib name="used" value="4"/></item>
<item name="SLICEM_YBUSED" rev="15">
<attrib name="total" value="1000000"/><attrib name="used" value="3"/></item>
</group>
</DeviceUsage>
<ReportConfigData TimeStamp="Wed Oct 22 18:00:58 2025"><group name="SLICEL_CYMUXF">
<item name="0" rev="15">
<attrib name="0" value="47"/><attrib name="0_INV" value="0"/></item>
<item name="1" rev="15">
<attrib name="1_INV" value="0"/><attrib name="1" value="47"/></item>
</group>
<group name="SLICEL_CYMUXG">
<item name="0" rev="15">
<attrib name="0" value="40"/><attrib name="0_INV" value="0"/></item>
</group>
<group name="IBUF_PAD">
<item name="IOATTRBOX" rev="15">
<attrib name="LVCMOS25" value="1"/></item>
</group>
<group name="SLICEM_F">
<item name="DI" rev="15">
<attrib name="DI" value="79"/><attrib name="DI_INV" value="0"/></item>
<item name="F_ATTR" rev="15">
<attrib name="DUAL_PORT" value="4"/><attrib name="SHIFT_REG" value="75"/></item>
<item name="LUT_OR_MEM" rev="15">
<attrib name="LUT" value="132"/><attrib name="RAM" value="79"/></item>
</group>
<group name="SLICEM_G">
<item name="DI" rev="15">
<attrib name="DI" value="83"/><attrib name="DI_INV" value="0"/></item>
<item name="G_ATTR" rev="15">
<attrib name="DUAL_PORT" value="4"/><attrib name="SHIFT_REG" value="79"/></item>
<item name="LUT_OR_MEM" rev="15">
<attrib name="LUT" value="257"/><attrib name="RAM" value="83"/></item>
</group>
<group name="SLICEM_F6MUX">
<item name="S0" rev="15">
<attrib name="S0" value="262"/><attrib name="S0_INV" value="0"/></item>
</group>
<group name="SLICEL">
<item name="BX" rev="15">
<attrib name="BX_INV" value="1"/><attrib name="BX" value="647"/></item>
<item name="BY" rev="15">
<attrib name="BY" value="606"/><attrib name="BY_INV" value="1"/></item>
<item name="CE" rev="15">
<attrib name="CE" value="313"/><attrib name="CE_INV" value="0"/></item>
<item name="CIN" rev="15">
<attrib name="CIN_INV" value="0"/><attrib name="CIN" value="40"/></item>
<item name="CLK" rev="15">
<attrib name="CLK" value="512"/><attrib name="CLK_INV" value="3"/></item>
<item name="SR" rev="15">
<attrib name="SR" value="120"/><attrib name="SR_INV" value="20"/></item>
</group>
<group name="SLICEM">
<item name="BX" rev="15">
<attrib name="BX_INV" value="0"/><attrib name="BX" value="327"/></item>
<item name="BY" rev="15">
<attrib name="BY" value="334"/><attrib name="BY_INV" value="0"/></item>
<item name="CE" rev="15">
<attrib name="CE" value="7"/><attrib name="CE_INV" value="0"/></item>
<item name="CIN" rev="15">
<attrib name="CIN_INV" value="0"/><attrib name="CIN" value="8"/></item>
<item name="CLK" rev="15">
<attrib name="CLK" value="88"/><attrib name="CLK_INV" value="0"/></item>
<item name="SHIFTIN" rev="15">
<attrib name="SHIFTIN_INV" value="0"/><attrib name="SHIFTIN" value="11"/></item>
<item name="SR" rev="15">
<attrib name="SR" value="87"/><attrib name="SR_INV" value="0"/></item>
</group>
<group name="SLICEL_F6MUX">
<item name="S0" rev="15">
<attrib name="S0" value="203"/><attrib name="S0_INV" value="0"/></item>
</group>
<group name="RAMB16">
<item name="CLKA" rev="15">
<attrib name="CLKA_INV" value="0"/><attrib name="CLKA" value="5"/></item>
<item name="CLKB" rev="15">
<attrib name="CLKB_INV" value="0"/><attrib name="CLKB" value="5"/></item>
<item name="ENA" rev="15">
<attrib name="ENA_INV" value="0"/><attrib name="ENA" value="5"/></item>
<item name="ENB" rev="15">
<attrib name="ENB_INV" value="0"/><attrib name="ENB" value="5"/></item>
<item name="SSRA" rev="15">
<attrib name="SSRA_INV" value="0"/><attrib name="SSRA" value="5"/></item>
<item name="SSRB" rev="15">
<attrib name="SSRB_INV" value="0"/><attrib name="SSRB" value="5"/></item>
<item name="WEA" rev="15">
<attrib name="WEA" value="5"/><attrib name="WEA_INV" value="0"/></item>
<item name="WEB" rev="15">
<attrib name="WEB" value="5"/><attrib name="WEB_INV" value="0"/></item>
</group>
<group name="IOB_OFF1">
<item name="CK" rev="13">
<attrib name="CK" value="8"/><attrib name="CK_INV" value="0"/></item>
<item name="D" rev="13">
<attrib name="D" value="8"/><attrib name="D_INV" value="0"/></item>
<item name="LATCH_OR_FF" rev="13">
<attrib name="FF" value="8"/></item>
<item name="OFF1_INIT_ATTR" rev="13">
<attrib name="INIT0" value="8"/></item>
</group>
<group name="IOB_OUTBUF">
<item name="IN" rev="13">
<attrib name="IN_INV" value="0"/><attrib name="IN" value="8"/></item>
</group>
<group name="RAMB16_RAMB16A">
<item name="CLKA" rev="15">
<attrib name="CLKA_INV" value="0"/><attrib name="CLKA" value="5"/></item>
<item name="ENA" rev="15">
<attrib name="ENA_INV" value="0"/><attrib name="ENA" value="5"/></item>
<item name="PORTA_ATTR" rev="15">
<attrib name="16384X1" value="4"/><attrib name="512X36" value="1"/></item>
<item name="SSRA" rev="15">
<attrib name="SSRA_INV" value="0"/><attrib name="SSRA" value="5"/></item>
<item name="WEA" rev="15">
<attrib name="WEA" value="5"/><attrib name="WEA_INV" value="0"/></item>
<item name="WRITEMODEA" rev="15">
<attrib name="WRITE_FIRST" value="5"/></item>
</group>
<group name="RAMB16_RAMB16B">
<item name="CLKB" rev="15">
<attrib name="CLKB_INV" value="0"/><attrib name="CLKB" value="5"/></item>
<item name="ENB" rev="15">
<attrib name="ENB_INV" value="0"/><attrib name="ENB" value="5"/></item>
<item name="PORTB_ATTR" rev="15">
<attrib name="512X36" value="5"/></item>
<item name="SSRB" rev="15">
<attrib name="SSRB_INV" value="0"/><attrib name="SSRB" value="5"/></item>
<item name="WEB" rev="15">
<attrib name="WEB" value="5"/><attrib name="WEB_INV" value="0"/></item>
<item name="WRITEMODEB" rev="15">
<attrib name="WRITE_FIRST" value="5"/></item>
</group>
<group name="SLICEM_F5MUX">
<item name="S0" rev="15">
<attrib name="S0" value="273"/><attrib name="S0_INV" value="0"/></item>
</group>
<group name="SLICEL_FFX">
<item name="CE" rev="15">
<attrib name="CE" value="294"/><attrib name="CE_INV" value="0"/></item>
<item name="CK" rev="15">
<attrib name="CK" value="414"/><attrib name="CK_INV" value="0"/></item>
<item name="D" rev="15">
<attrib name="D" value="413"/><attrib name="D_INV" value="1"/></item>
<item name="FFX_INIT_ATTR" rev="15">
<attrib name="INIT0" value="354"/><attrib name="INIT1" value="60"/></item>
<item name="FFX_SR_ATTR" rev="15">
<attrib name="SRLOW" value="393"/><attrib name="SRHIGH" value="21"/></item>
<item name="LATCH_OR_FF" rev="15">
<attrib name="FF" value="414"/></item>
<item name="REV" rev="15">
<attrib name="REV_INV" value="0"/><attrib name="REV" value="4"/></item>
<item name="SR" rev="15">
<attrib name="SR" value="74"/><attrib name="SR_INV" value="16"/></item>
<item name="SYNC_ATTR" rev="15">
<attrib name="ASYNC" value="341"/><attrib name="SYNC" value="73"/></item>
</group>
<group name="SLICEL_XORF">
<item name="1" rev="15">
<attrib name="1_INV" value="0"/><attrib name="1" value="40"/></item>
</group>
<group name="SLICEL_FFY">
<item name="CE" rev="15">
<attrib name="CE" value="311"/><attrib name="CE_INV" value="0"/></item>
<item name="CK" rev="15">
<attrib name="CK" value="488"/><attrib name="CK_INV" value="3"/></item>
<item name="D" rev="15">
<attrib name="D" value="490"/><attrib name="D_INV" value="1"/></item>
<item name="FFY_INIT_ATTR" rev="15">
<attrib name="INIT0" value="397"/><attrib name="INIT1" value="94"/></item>
<item name="FFY_SR_ATTR" rev="15">
<attrib name="SRLOW" value="461"/><attrib name="SRHIGH" value="30"/></item>
<item name="LATCH_OR_FF" rev="15">
<attrib name="FF" value="488"/><attrib name="LATCH" value="3"/></item>
<item name="SR" rev="15">
<attrib name="SR" value="104"/><attrib name="SR_INV" value="20"/></item>
<item name="SYNC_ATTR" rev="15">
<attrib name="ASYNC" value="394"/><attrib name="SYNC" value="97"/></item>
</group>
<group name="BUFGMUX_GCLKMUX">
<item name="DISABLE_ATTR" rev="15">
<attrib name="LOW" value="2"/></item>
<item name="S" rev="15">
<attrib name="S_INV" value="2"/><attrib name="S" value="0"/></item>
</group>
<group name="SLICEL_F5MUX">
<item name="S0" rev="15">
<attrib name="S0" value="293"/><attrib name="S0_INV" value="0"/></item>
</group>
<group name="SLICEM_XORF">
<item name="1" rev="15">
<attrib name="1_INV" value="0"/><attrib name="1" value="4"/></item>
</group>
<group name="SLICEM_WSGEN">
<item name="CK" rev="15">
<attrib name="CK" value="83"/><attrib name="CK_INV" value="0"/></item>
<item name="SYNC_ATTR" rev="15">
<attrib name="ASYNC" value="54"/></item>
<item name="WE" rev="15">
<attrib name="WE_INV" value="0"/><attrib name="WE" value="83"/></item>
</group>
<group name="SLICEM_FFX">
<item name="CE" rev="15">
<attrib name="CE" value="7"/><attrib name="CE_INV" value="0"/></item>
<item name="CK" rev="15">
<attrib name="CK" value="57"/><attrib name="CK_INV" value="0"/></item>
<item name="D" rev="15">
<attrib name="D" value="57"/><attrib name="D_INV" value="0"/></item>
<item name="FFX_INIT_ATTR" rev="15">
<attrib name="INIT0" value="56"/><attrib name="INIT1" value="1"/></item>
<item name="FFX_SR_ATTR" rev="15">
<attrib name="SRLOW" value="56"/><attrib name="SRHIGH" value="1"/></item>
<item name="LATCH_OR_FF" rev="15">
<attrib name="FF" value="57"/></item>
<item name="SR" rev="15">
<attrib name="SR" value="4"/><attrib name="SR_INV" value="0"/></item>
<item name="SYNC_ATTR" rev="15">
<attrib name="ASYNC" value="53"/><attrib name="SYNC" value="4"/></item>
</group>
<group name="SLICEM_FFY">
<item name="CK" rev="15">
<attrib name="CK" value="51"/><attrib name="CK_INV" value="0"/></item>
<item name="D" rev="15">
<attrib name="D" value="51"/><attrib name="D_INV" value="0"/></item>
<item name="FFY_INIT_ATTR" rev="15">
<attrib name="INIT0" value="51"/></item>
<item name="FFY_SR_ATTR" rev="15">
<attrib name="SRLOW" value="51"/></item>
<item name="LATCH_OR_FF" rev="15">
<attrib name="FF" value="51"/></item>
<item name="SYNC_ATTR" rev="15">
<attrib name="ASYNC" value="50"/><attrib name="SYNC" value="1"/></item>
</group>
<group name="IOB_PAD">
<item name="DRIVEATTRBOX" rev="13">
<attrib name="12" value="8"/></item>
<item name="IOATTRBOX" rev="13">
<attrib name="LVCMOS25" value="8"/></item>
<item name="SLEW" rev="13">
<attrib name="SLOW" value="8"/></item>
</group>
<group name="SLICEM_CYMUXF">
<item name="0" rev="15">
<attrib name="0" value="8"/><attrib name="0_INV" value="0"/></item>
<item name="1" rev="15">
<attrib name="1_INV" value="0"/><attrib name="1" value="8"/></item>
</group>
<group name="SLICEM_CYMUXG">
<item name="0" rev="15">
<attrib name="0" value="5"/><attrib name="0_INV" value="0"/></item>
</group>
<group name="IOB">
<item name="O1" rev="13">
<attrib name="O1_INV" value="0"/><attrib name="O1" value="8"/></item>
<item name="OTCLK1" rev="13">
<attrib name="OTCLK1_INV" value="0"/><attrib name="OTCLK1" value="8"/></item>
</group>
<group name="BUFGMUX">
<item name="S" rev="15">
<attrib name="S_INV" value="2"/><attrib name="S" value="0"/></item>
</group>
</ReportConfigData>
<ReportPinData TimeStamp="Wed Oct 22 18:00:58 2025"><group name="SLICEL_CYMUXF">
<item name="0" rev="15">
<attrib name="value" value="47"/></item>
<item name="1" rev="15">
<attrib name="value" value="47"/></item>
<item name="OUT" rev="15">
<attrib name="value" value="47"/></item>
<item name="S0" rev="15">
<attrib name="value" value="47"/></item>
</group>
<group name="SLICEL_CYMUXG">
<item name="0" rev="15">
<attrib name="value" value="40"/></item>
<item name="1" rev="15">
<attrib name="value" value="40"/></item>
<item name="OUT" rev="15">
<attrib name="value" value="40"/></item>
<item name="S0" rev="15">
<attrib name="value" value="40"/></item>
</group>
<group name="SLICEM_FMC15_BLACKBOX">
<item name="MC15" rev="15">
<attrib name="value" value="23"/></item>
<item name="WS2" rev="15">
<attrib name="value" value="23"/></item>
</group>
<group name="IBUF_PAD">
<item name="PAD" rev="15">
<attrib name="value" value="1"/></item>
</group>
<group name="IBUF_INBUF">
<item name="IN" rev="15">
<attrib name="value" value="1"/></item>
<item name="OUT" rev="15">
<attrib name="value" value="1"/></item>
</group>
<group name="SLICEM_F">
<item name="A1" rev="15">
<attrib name="value" value="207"/></item>
<item name="A2" rev="15">
<attrib name="value" value="79"/></item>
<item name="A3" rev="15">
<attrib name="value" value="79"/></item>
<item name="A4" rev="15">
<attrib name="value" value="79"/></item>
<item name="D" rev="15">
<attrib name="value" value="211"/></item>
<item name="DI" rev="15">
<attrib name="value" value="79"/></item>
<item name="WF1" rev="15">
<attrib name="value" value="4"/></item>
<item name="WF2" rev="15">
<attrib name="value" value="4"/></item>
<item name="WF3" rev="15">
<attrib name="value" value="4"/></item>
<item name="WF4" rev="15">
<attrib name="value" value="4"/></item>
<item name="WS" rev="15">
<attrib name="value" value="79"/></item>
</group>
<group name="SLICEM_G">
<item name="A1" rev="15">
<attrib name="value" value="340"/></item>
<item name="A2" rev="15">
<attrib name="value" value="84"/></item>
<item name="A3" rev="15">
<attrib name="value" value="84"/></item>
<item name="A4" rev="15">
<attrib name="value" value="83"/></item>
<item name="D" rev="15">
<attrib name="value" value="337"/></item>
<item name="DI" rev="15">
<attrib name="value" value="83"/></item>
<item name="WG1" rev="15">
<attrib name="value" value="4"/></item>
<item name="WG2" rev="15">
<attrib name="value" value="4"/></item>
<item name="WG3" rev="15">
<attrib name="value" value="4"/></item>
<item name="WG4" rev="15">
<attrib name="value" value="4"/></item>
<item name="WS" rev="15">
<attrib name="value" value="83"/></item>
</group>
<group name="BUFGMUX_GCLK_BUFFER">
<item name="IN" rev="15">
<attrib name="value" value="2"/></item>
<item name="OUT" rev="15">
<attrib name="value" value="2"/></item>
</group>
<group name="SLICEM_F6MUX">
<item name="0" rev="15">
<attrib name="value" value="262"/></item>
<item name="1" rev="15">
<attrib name="value" value="262"/></item>
<item name="OUT" rev="15">
<attrib name="value" value="262"/></item>
<item name="S0" rev="15">
<attrib name="value" value="262"/></item>
</group>
<group name="SLICEL">
<item name="BX" rev="15">
<attrib name="value" value="648"/></item>
<item name="BY" rev="15">
<attrib name="value" value="607"/></item>
<item name="CE" rev="15">
<attrib name="value" value="313"/></item>
<item name="CIN" rev="15">
<attrib name="value" value="40"/></item>
<item name="CLK" rev="15">
<attrib name="value" value="515"/></item>
<item name="COUT" rev="15">
<attrib name="value" value="40"/></item>
<item name="F1" rev="15">
<attrib name="value" value="364"/></item>
<item name="F2" rev="15">
<attrib name="value" value="209"/></item>
<item name="F3" rev="15">
<attrib name="value" value="170"/></item>
<item name="F4" rev="15">
<attrib name="value" value="123"/></item>
<item name="F5" rev="15">
<attrib name="value" value="278"/></item>
<item name="FX" rev="15">
<attrib name="value" value="128"/></item>
<item name="FXINA" rev="15">
<attrib name="value" value="203"/></item>
<item name="FXINB" rev="15">
<attrib name="value" value="203"/></item>
<item name="G1" rev="15">
<attrib name="value" value="503"/></item>
<item name="G2" rev="15">
<attrib name="value" value="221"/></item>
<item name="G3" rev="15">
<attrib name="value" value="166"/></item>
<item name="G4" rev="15">
<attrib name="value" value="109"/></item>
<item name="SR" rev="15">
<attrib name="value" value="140"/></item>
<item name="X" rev="15">
<attrib name="value" value="144"/></item>
<item name="XB" rev="15">
<attrib name="value" value="2"/></item>
<item name="XQ" rev="15">
<attrib name="value" value="414"/></item>
<item name="Y" rev="15">
<attrib name="value" value="201"/></item>
<item name="YQ" rev="15">
<attrib name="value" value="491"/></item>
</group>
<group name="SLICEM">
<item name="BX" rev="15">
<attrib name="value" value="327"/></item>
<item name="BY" rev="15">
<attrib name="value" value="334"/></item>
<item name="CE" rev="15">
<attrib name="value" value="7"/></item>
<item name="CIN" rev="15">
<attrib name="value" value="8"/></item>
<item name="CLK" rev="15">
<attrib name="value" value="88"/></item>
<item name="COUT" rev="15">
<attrib name="value" value="8"/></item>
<item name="F1" rev="15">
<attrib name="value" value="207"/></item>
<item name="F2" rev="15">
<attrib name="value" value="79"/></item>
<item name="F3" rev="15">
<attrib name="value" value="79"/></item>
<item name="F4" rev="15">
<attrib name="value" value="79"/></item>
<item name="F5" rev="15">
<attrib name="value" value="268"/></item>
<item name="FX" rev="15">
<attrib name="value" value="256"/></item>
<item name="FXINA" rev="15">
<attrib name="value" value="262"/></item>
<item name="FXINB" rev="15">
<attrib name="value" value="262"/></item>
<item name="G1" rev="15">
<attrib name="value" value="340"/></item>
<item name="G2" rev="15">
<attrib name="value" value="84"/></item>
<item name="G3" rev="15">
<attrib name="value" value="84"/></item>
<item name="G4" rev="15">
<attrib name="value" value="83"/></item>
<item name="SHIFTIN" rev="15">
<attrib name="value" value="11"/></item>
<item name="SHIFTOUT" rev="15">
<attrib name="value" value="11"/></item>
<item name="SR" rev="15">
<attrib name="value" value="87"/></item>
<item name="X" rev="15">
<attrib name="value" value="10"/></item>
<item name="XB" rev="15">
<attrib name="value" value="12"/></item>
<item name="XQ" rev="15">
<attrib name="value" value="57"/></item>
<item name="Y" rev="15">
<attrib name="value" value="14"/></item>
<item name="YB" rev="15">
<attrib name="value" value="3"/></item>
<item name="YQ" rev="15">
<attrib name="value" value="51"/></item>
</group>
<group name="SLICEL_F6MUX">
<item name="0" rev="15">
<attrib name="value" value="203"/></item>
<item name="1" rev="15">
<attrib name="value" value="203"/></item>
<item name="OUT" rev="15">
<attrib name="value" value="203"/></item>
<item name="S0" rev="15">
<attrib name="value" value="203"/></item>
</group>
<group name="RAMB16">
<item name="ADDRA0" rev="15">
<attrib name="value" value="4"/></item>
<item name="ADDRA1" rev="15">
<attrib name="value" value="4"/></item>
<item name="ADDRA10" rev="15">
<attrib name="value" value="5"/></item>
<item name="ADDRA11" rev="15">
<attrib name="value" value="5"/></item>
<item name="ADDRA12" rev="15">
<attrib name="value" value="5"/></item>
<item name="ADDRA13" rev="15">
<attrib name="value" value="5"/></item>
<item name="ADDRA2" rev="15">
<attrib name="value" value="4"/></item>
<item name="ADDRA3" rev="15">
<attrib name="value" value="4"/></item>
<item name="ADDRA4" rev="15">
<attrib name="value" value="4"/></item>
<item name="ADDRA5" rev="15">
<attrib name="value" value="5"/></item>
<item name="ADDRA6" rev="15">
<attrib name="value" value="5"/></item>
<item name="ADDRA7" rev="15">
<attrib name="value" value="5"/></item>
<item name="ADDRA8" rev="15">
<attrib name="value" value="5"/></item>
<item name="ADDRA9" rev="15">
<attrib name="value" value="5"/></item>
<item name="ADDRB10" rev="15">
<attrib name="value" value="5"/></item>
<item name="ADDRB11" rev="15">
<attrib name="value" value="5"/></item>
<item name="ADDRB12" rev="15">
<attrib name="value" value="5"/></item>
<item name="ADDRB13" rev="15">
<attrib name="value" value="5"/></item>
<item name="ADDRB5" rev="15">
<attrib name="value" value="5"/></item>
<item name="ADDRB6" rev="15">
<attrib name="value" value="5"/></item>
<item name="ADDRB7" rev="15">
<attrib name="value" value="5"/></item>
<item name="ADDRB8" rev="15">
<attrib name="value" value="5"/></item>
<item name="ADDRB9" rev="15">
<attrib name="value" value="5"/></item>
<item name="CLKA" rev="15">
<attrib name="value" value="5"/></item>
<item name="CLKB" rev="15">
<attrib name="value" value="5"/></item>
<item name="DIA0" rev="15">
<attrib name="value" value="5"/></item>
<item name="DIA1" rev="15">
<attrib name="value" value="1"/></item>
<item name="DIA10" rev="15">
<attrib name="value" value="1"/></item>
<item name="DIA11" rev="15">
<attrib name="value" value="1"/></item>
<item name="DIA12" rev="15">
<attrib name="value" value="1"/></item>
<item name="DIA13" rev="15">
<attrib name="value" value="1"/></item>
<item name="DIA14" rev="15">
<attrib name="value" value="1"/></item>
<item name="DIA15" rev="15">
<attrib name="value" value="1"/></item>
<item name="DIA16" rev="15">
<attrib name="value" value="1"/></item>
<item name="DIA17" rev="15">
<attrib name="value" value="1"/></item>
<item name="DIA18" rev="15">
<attrib name="value" value="1"/></item>
<item name="DIA19" rev="15">
<attrib name="value" value="1"/></item>
<item name="DIA2" rev="15">
<attrib name="value" value="1"/></item>
<item name="DIA20" rev="15">
<attrib name="value" value="1"/></item>
<item name="DIA21" rev="15">
<attrib name="value" value="1"/></item>
<item name="DIA22" rev="15">
<attrib name="value" value="1"/></item>
<item name="DIA23" rev="15">
<attrib name="value" value="1"/></item>
<item name="DIA24" rev="15">
<attrib name="value" value="1"/></item>
<item name="DIA25" rev="15">
<attrib name="value" value="1"/></item>
<item name="DIA26" rev="15">
<attrib name="value" value="1"/></item>
<item name="DIA27" rev="15">
<attrib name="value" value="1"/></item>
<item name="DIA28" rev="15">
<attrib name="value" value="1"/></item>
<item name="DIA29" rev="15">
<attrib name="value" value="1"/></item>
<item name="DIA3" rev="15">
<attrib name="value" value="1"/></item>
<item name="DIA30" rev="15">
<attrib name="value" value="1"/></item>
<item name="DIA31" rev="15">
<attrib name="value" value="1"/></item>
<item name="DIA4" rev="15">
<attrib name="value" value="1"/></item>
<item name="DIA5" rev="15">
<attrib name="value" value="1"/></item>
<item name="DIA6" rev="15">
<attrib name="value" value="1"/></item>
<item name="DIA7" rev="15">
<attrib name="value" value="1"/></item>
<item name="DIA8" rev="15">
<attrib name="value" value="1"/></item>
<item name="DIA9" rev="15">
<attrib name="value" value="1"/></item>
<item name="DIB0" rev="15">
<attrib name="value" value="5"/></item>
<item name="DIB1" rev="15">
<attrib name="value" value="5"/></item>
<item name="DIB10" rev="15">
<attrib name="value" value="5"/></item>
<item name="DIB11" rev="15">
<attrib name="value" value="5"/></item>
<item name="DIB12" rev="15">
<attrib name="value" value="5"/></item>
<item name="DIB13" rev="15">
<attrib name="value" value="5"/></item>
<item name="DIB14" rev="15">
<attrib name="value" value="5"/></item>
<item name="DIB15" rev="15">
<attrib name="value" value="5"/></item>
<item name="DIB16" rev="15">
<attrib name="value" value="5"/></item>
<item name="DIB17" rev="15">
<attrib name="value" value="5"/></item>
<item name="DIB18" rev="15">
<attrib name="value" value="5"/></item>
<item name="DIB19" rev="15">
<attrib name="value" value="5"/></item>
<item name="DIB2" rev="15">
<attrib name="value" value="5"/></item>
<item name="DIB20" rev="15">
<attrib name="value" value="5"/></item>
<item name="DIB21" rev="15">
<attrib name="value" value="5"/></item>
<item name="DIB22" rev="15">
<attrib name="value" value="5"/></item>
<item name="DIB23" rev="15">
<attrib name="value" value="5"/></item>
<item name="DIB24" rev="15">
<attrib name="value" value="5"/></item>
<item name="DIB25" rev="15">
<attrib name="value" value="5"/></item>
<item name="DIB26" rev="15">
<attrib name="value" value="5"/></item>
<item name="DIB27" rev="15">
<attrib name="value" value="5"/></item>
<item name="DIB28" rev="15">
<attrib name="value" value="5"/></item>
<item name="DIB29" rev="15">
<attrib name="value" value="5"/></item>
<item name="DIB3" rev="15">
<attrib name="value" value="5"/></item>
<item name="DIB30" rev="15">
<attrib name="value" value="5"/></item>
<item name="DIB31" rev="15">
<attrib name="value" value="5"/></item>
<item name="DIB4" rev="15">
<attrib name="value" value="5"/></item>
<item name="DIB5" rev="15">
<attrib name="value" value="5"/></item>
<item name="DIB6" rev="15">
<attrib name="value" value="5"/></item>
<item name="DIB7" rev="15">
<attrib name="value" value="5"/></item>
<item name="DIB8" rev="15">
<attrib name="value" value="5"/></item>
<item name="DIB9" rev="15">
<attrib name="value" value="5"/></item>
<item name="DIPA0" rev="15">
<attrib name="value" value="1"/></item>
<item name="DIPA1" rev="15">
<attrib name="value" value="1"/></item>
<item name="DIPA2" rev="15">
<attrib name="value" value="1"/></item>
<item name="DIPA3" rev="15">
<attrib name="value" value="1"/></item>
<item name="DIPB0" rev="15">
<attrib name="value" value="5"/></item>
<item name="DIPB1" rev="15">
<attrib name="value" value="5"/></item>
<item name="DIPB2" rev="15">
<attrib name="value" value="5"/></item>
<item name="DIPB3" rev="15">
<attrib name="value" value="5"/></item>
<item name="DOA0" rev="15">
<attrib name="value" value="5"/></item>
<item name="DOA16" rev="15">
<attrib name="value" value="1"/></item>
<item name="DOA24" rev="15">
<attrib name="value" value="1"/></item>
<item name="DOA8" rev="15">
<attrib name="value" value="1"/></item>
<item name="DOB0" rev="15">
<attrib name="value" value="1"/></item>
<item name="DOB16" rev="15">
<attrib name="value" value="1"/></item>
<item name="DOB24" rev="15">
<attrib name="value" value="1"/></item>
<item name="DOB8" rev="15">
<attrib name="value" value="1"/></item>
<item name="ENA" rev="15">
<attrib name="value" value="5"/></item>
<item name="ENB" rev="15">
<attrib name="value" value="5"/></item>
<item name="SSRA" rev="15">
<attrib name="value" value="5"/></item>
<item name="SSRB" rev="15">
<attrib name="value" value="5"/></item>
<item name="WEA" rev="15">
<attrib name="value" value="5"/></item>
<item name="WEB" rev="15">
<attrib name="value" value="5"/></item>
</group>
<group name="SLICEM_GNDF">
<item name="0" rev="15">
<attrib name="value" value="8"/></item>
</group>
<group name="SLICEM_GNDG">
<item name="0" rev="15">
<attrib name="value" value="5"/></item>
</group>
<group name="IOB_OFF1">
<item name="CK" rev="13">
<attrib name="value" value="8"/></item>
<item name="D" rev="13">
<attrib name="value" value="8"/></item>
<item name="Q" rev="13">
<attrib name="value" value="8"/></item>
</group>
<group name="IOB_OUTBUF">
<item name="IN" rev="13">
<attrib name="value" value="8"/></item>
<item name="OUT" rev="13">
<attrib name="value" value="8"/></item>
</group>
<group name="BSCAN">
<item name="DRCK1" rev="15">
<attrib name="value" value="1"/></item>
<item name="SEL1" rev="15">
<attrib name="value" value="1"/></item>
<item name="SHIFT" rev="15">
<attrib name="value" value="1"/></item>
<item name="TDI" rev="15">
<attrib name="value" value="1"/></item>
<item name="TDO1" rev="15">
<attrib name="value" value="1"/></item>
<item name="TDO2" rev="15">
<attrib name="value" value="1"/></item>
<item name="UPDATE" rev="15">
<attrib name="value" value="1"/></item>
</group>
<group name="RAMB16_RAMB16A">
<item name="ADDRA" rev="15">
<attrib name="value" value="5"/></item>
<item name="ADDRA0" rev="15">
<attrib name="value" value="4"/></item>
<item name="ADDRA1" rev="15">
<attrib name="value" value="4"/></item>
<item name="ADDRA10" rev="15">
<attrib name="value" value="5"/></item>
<item name="ADDRA11" rev="15">
<attrib name="value" value="5"/></item>
<item name="ADDRA12" rev="15">
<attrib name="value" value="5"/></item>
<item name="ADDRA13" rev="15">
<attrib name="value" value="5"/></item>
<item name="ADDRA2" rev="15">
<attrib name="value" value="4"/></item>
<item name="ADDRA3" rev="15">
<attrib name="value" value="4"/></item>
<item name="ADDRA4" rev="15">
<attrib name="value" value="4"/></item>
<item name="ADDRA5" rev="15">
<attrib name="value" value="5"/></item>
<item name="ADDRA6" rev="15">
<attrib name="value" value="5"/></item>
<item name="ADDRA7" rev="15">
<attrib name="value" value="5"/></item>
<item name="ADDRA8" rev="15">
<attrib name="value" value="5"/></item>
<item name="ADDRA9" rev="15">
<attrib name="value" value="5"/></item>
<item name="CLKA" rev="15">
<attrib name="value" value="5"/></item>
<item name="DIA" rev="15">
<attrib name="value" value="5"/></item>
<item name="DIA0" rev="15">
<attrib name="value" value="5"/></item>
<item name="DIA1" rev="15">
<attrib name="value" value="1"/></item>
<item name="DIA10" rev="15">
<attrib name="value" value="1"/></item>
<item name="DIA11" rev="15">
<attrib name="value" value="1"/></item>
<item name="DIA12" rev="15">
<attrib name="value" value="1"/></item>
<item name="DIA13" rev="15">
<attrib name="value" value="1"/></item>
<item name="DIA14" rev="15">
<attrib name="value" value="1"/></item>
<item name="DIA15" rev="15">
<attrib name="value" value="1"/></item>
<item name="DIA16" rev="15">
<attrib name="value" value="1"/></item>
<item name="DIA17" rev="15">
<attrib name="value" value="1"/></item>
<item name="DIA18" rev="15">
<attrib name="value" value="1"/></item>
<item name="DIA19" rev="15">
<attrib name="value" value="1"/></item>
<item name="DIA2" rev="15">
<attrib name="value" value="1"/></item>
<item name="DIA20" rev="15">
<attrib name="value" value="1"/></item>
<item name="DIA21" rev="15">
<attrib name="value" value="1"/></item>
<item name="DIA22" rev="15">
<attrib name="value" value="1"/></item>
<item name="DIA23" rev="15">
<attrib name="value" value="1"/></item>
<item name="DIA24" rev="15">
<attrib name="value" value="1"/></item>
<item name="DIA25" rev="15">
<attrib name="value" value="1"/></item>
<item name="DIA26" rev="15">
<attrib name="value" value="1"/></item>
<item name="DIA27" rev="15">
<attrib name="value" value="1"/></item>
<item name="DIA28" rev="15">
<attrib name="value" value="1"/></item>
<item name="DIA29" rev="15">
<attrib name="value" value="1"/></item>
<item name="DIA3" rev="15">
<attrib name="value" value="1"/></item>
<item name="DIA30" rev="15">
<attrib name="value" value="1"/></item>
<item name="DIA31" rev="15">
<attrib name="value" value="1"/></item>
<item name="DIA4" rev="15">
<attrib name="value" value="1"/></item>
<item name="DIA5" rev="15">
<attrib name="value" value="1"/></item>
<item name="DIA6" rev="15">
<attrib name="value" value="1"/></item>
<item name="DIA7" rev="15">
<attrib name="value" value="1"/></item>
<item name="DIA8" rev="15">
<attrib name="value" value="1"/></item>
<item name="DIA9" rev="15">
<attrib name="value" value="1"/></item>
<item name="DIPA0" rev="15">
<attrib name="value" value="1"/></item>
<item name="DIPA1" rev="15">
<attrib name="value" value="1"/></item>
<item name="DIPA2" rev="15">
<attrib name="value" value="1"/></item>
<item name="DIPA3" rev="15">
<attrib name="value" value="1"/></item>
<item name="DOA" rev="15">
<attrib name="value" value="5"/></item>
<item name="DOA0" rev="15">
<attrib name="value" value="5"/></item>
<item name="DOA16" rev="15">
<attrib name="value" value="1"/></item>
<item name="DOA24" rev="15">
<attrib name="value" value="1"/></item>
<item name="DOA8" rev="15">
<attrib name="value" value="1"/></item>
<item name="ENA" rev="15">
<attrib name="value" value="5"/></item>
<item name="SSRA" rev="15">
<attrib name="value" value="5"/></item>
<item name="WEA" rev="15">
<attrib name="value" value="5"/></item>
</group>
<group name="RAMB16_RAMB16B">
<item name="ADDRB" rev="15">
<attrib name="value" value="5"/></item>
<item name="ADDRB10" rev="15">
<attrib name="value" value="5"/></item>
<item name="ADDRB11" rev="15">
<attrib name="value" value="5"/></item>
<item name="ADDRB12" rev="15">
<attrib name="value" value="5"/></item>
<item name="ADDRB13" rev="15">
<attrib name="value" value="5"/></item>
<item name="ADDRB5" rev="15">
<attrib name="value" value="5"/></item>
<item name="ADDRB6" rev="15">
<attrib name="value" value="5"/></item>
<item name="ADDRB7" rev="15">
<attrib name="value" value="5"/></item>
<item name="ADDRB8" rev="15">
<attrib name="value" value="5"/></item>
<item name="ADDRB9" rev="15">
<attrib name="value" value="5"/></item>
<item name="CLKB" rev="15">
<attrib name="value" value="5"/></item>
<item name="DIB" rev="15">
<attrib name="value" value="5"/></item>
<item name="DIB0" rev="15">
<attrib name="value" value="5"/></item>
<item name="DIB1" rev="15">
<attrib name="value" value="5"/></item>
<item name="DIB10" rev="15">
<attrib name="value" value="5"/></item>
<item name="DIB11" rev="15">
<attrib name="value" value="5"/></item>
<item name="DIB12" rev="15">
<attrib name="value" value="5"/></item>
<item name="DIB13" rev="15">
<attrib name="value" value="5"/></item>
<item name="DIB14" rev="15">
<attrib name="value" value="5"/></item>
<item name="DIB15" rev="15">
<attrib name="value" value="5"/></item>
<item name="DIB16" rev="15">
<attrib name="value" value="5"/></item>
<item name="DIB17" rev="15">
<attrib name="value" value="5"/></item>
<item name="DIB18" rev="15">
<attrib name="value" value="5"/></item>
<item name="DIB19" rev="15">
<attrib name="value" value="5"/></item>
<item name="DIB2" rev="15">
<attrib name="value" value="5"/></item>
<item name="DIB20" rev="15">
<attrib name="value" value="5"/></item>
<item name="DIB21" rev="15">
<attrib name="value" value="5"/></item>
<item name="DIB22" rev="15">
<attrib name="value" value="5"/></item>
<item name="DIB23" rev="15">
<attrib name="value" value="5"/></item>
<item name="DIB24" rev="15">
<attrib name="value" value="5"/></item>
<item name="DIB25" rev="15">
<attrib name="value" value="5"/></item>
<item name="DIB26" rev="15">
<attrib name="value" value="5"/></item>
<item name="DIB27" rev="15">
<attrib name="value" value="5"/></item>
<item name="DIB28" rev="15">
<attrib name="value" value="5"/></item>
<item name="DIB29" rev="15">
<attrib name="value" value="5"/></item>
<item name="DIB3" rev="15">
<attrib name="value" value="5"/></item>
<item name="DIB30" rev="15">
<attrib name="value" value="5"/></item>
<item name="DIB31" rev="15">
<attrib name="value" value="5"/></item>
<item name="DIB4" rev="15">
<attrib name="value" value="5"/></item>
<item name="DIB5" rev="15">
<attrib name="value" value="5"/></item>
<item name="DIB6" rev="15">
<attrib name="value" value="5"/></item>
<item name="DIB7" rev="15">
<attrib name="value" value="5"/></item>
<item name="DIB8" rev="15">
<attrib name="value" value="5"/></item>
<item name="DIB9" rev="15">
<attrib name="value" value="5"/></item>
<item name="DIPB0" rev="15">
<attrib name="value" value="5"/></item>
<item name="DIPB1" rev="15">
<attrib name="value" value="5"/></item>
<item name="DIPB2" rev="15">
<attrib name="value" value="5"/></item>
<item name="DIPB3" rev="15">
<attrib name="value" value="5"/></item>
<item name="DOB" rev="15">
<attrib name="value" value="5"/></item>
<item name="DOB0" rev="15">
<attrib name="value" value="1"/></item>
<item name="DOB16" rev="15">
<attrib name="value" value="1"/></item>
<item name="DOB24" rev="15">
<attrib name="value" value="1"/></item>
<item name="DOB8" rev="15">
<attrib name="value" value="1"/></item>
<item name="ENB" rev="15">
<attrib name="value" value="5"/></item>
<item name="SSRB" rev="15">
<attrib name="value" value="5"/></item>
<item name="WEB" rev="15">
<attrib name="value" value="5"/></item>
</group>
<group name="IBUF">
<item name="I" rev="15">
<attrib name="value" value="1"/></item>
<item name="PAD" rev="15">
<attrib name="value" value="1"/></item>
</group>
<group name="SLICEM_F5MUX">
<item name="F" rev="15">
<attrib name="value" value="145"/></item>
<item name="G" rev="15">
<attrib name="value" value="273"/></item>
<item name="OUT" rev="15">
<attrib name="value" value="273"/></item>
<item name="S0" rev="15">
<attrib name="value" value="273"/></item>
</group>
<group name="SLICEL_FFX">
<item name="CE" rev="15">
<attrib name="value" value="294"/></item>
<item name="CK" rev="15">
<attrib name="value" value="414"/></item>
<item name="D" rev="15">
<attrib name="value" value="414"/></item>
<item name="Q" rev="15">
<attrib name="value" value="414"/></item>
<item name="REV" rev="15">
<attrib name="value" value="4"/></item>
<item name="SR" rev="15">
<attrib name="value" value="90"/></item>
</group>
<group name="SLICEL_XORF">
<item name="0" rev="15">
<attrib name="value" value="40"/></item>
<item name="1" rev="15">
<attrib name="value" value="40"/></item>
<item name="O" rev="15">
<attrib name="value" value="40"/></item>
</group>
<group name="SLICEL_FFY">
<item name="CE" rev="15">
<attrib name="value" value="311"/></item>
<item name="CK" rev="15">
<attrib name="value" value="491"/></item>
<item name="D" rev="15">
<attrib name="value" value="491"/></item>
<item name="Q" rev="15">
<attrib name="value" value="491"/></item>
<item name="SR" rev="15">
<attrib name="value" value="124"/></item>
</group>
<group name="SLICEL_XORG">
<item name="0" rev="15">
<attrib name="value" value="38"/></item>
<item name="1" rev="15">
<attrib name="value" value="38"/></item>
<item name="O" rev="15">
<attrib name="value" value="38"/></item>
</group>
<group name="BUFGMUX_GCLKMUX">
<item name="I0" rev="15">
<attrib name="value" value="2"/></item>
<item name="OUT" rev="15">
<attrib name="value" value="2"/></item>
<item name="S" rev="15">
<attrib name="value" value="2"/></item>
</group>
<group name="SLICEL_F5MUX">
<item name="F" rev="15">
<attrib name="value" value="165"/></item>
<item name="G" rev="15">
<attrib name="value" value="293"/></item>
<item name="OUT" rev="15">
<attrib name="value" value="293"/></item>
<item name="S0" rev="15">
<attrib name="value" value="293"/></item>
</group>
<group name="BSCAN_BSCAN_BLACKBOX">
<item name="DRCK1" rev="15">
<attrib name="value" value="1"/></item>
<item name="SEL1" rev="15">
<attrib name="value" value="1"/></item>
<item name="SHIFT" rev="15">
<attrib name="value" value="1"/></item>
<item name="TDI" rev="15">
<attrib name="value" value="1"/></item>
<item name="TDO1" rev="15">
<attrib name="value" value="1"/></item>
<item name="TDO2" rev="15">
<attrib name="value" value="1"/></item>
<item name="UPDATE" rev="15">
<attrib name="value" value="1"/></item>
</group>
<group name="SLICEM_VDDG">
<item name="1" rev="15">
<attrib name="value" value="3"/></item>
</group>
<group name="SLICEM_GMC15_BLACKBOX">
<item name="MC15" rev="15">
<attrib name="value" value="28"/></item>
<item name="WS2" rev="15">
<attrib name="value" value="28"/></item>
</group>
<group name="SLICEM_XORF">
<item name="0" rev="15">
<attrib name="value" value="4"/></item>
<item name="1" rev="15">
<attrib name="value" value="4"/></item>
<item name="O" rev="15">
<attrib name="value" value="4"/></item>
</group>
<group name="SLICEM_WSGEN">
<item name="CK" rev="15">
<attrib name="value" value="83"/></item>
<item name="WE" rev="15">
<attrib name="value" value="83"/></item>
<item name="WSF" rev="15">
<attrib name="value" value="79"/></item>
<item name="WSG" rev="15">
<attrib name="value" value="83"/></item>
</group>
<group name="SLICEM_FFX">
<item name="CE" rev="15">
<attrib name="value" value="7"/></item>
<item name="CK" rev="15">
<attrib name="value" value="57"/></item>
<item name="D" rev="15">
<attrib name="value" value="57"/></item>
<item name="Q" rev="15">
<attrib name="value" value="57"/></item>
<item name="SR" rev="15">
<attrib name="value" value="4"/></item>
</group>
<group name="SLICEM_FFY">
<item name="CK" rev="15">
<attrib name="value" value="51"/></item>
<item name="D" rev="15">
<attrib name="value" value="51"/></item>
<item name="Q" rev="15">
<attrib name="value" value="51"/></item>
</group>
<group name="IOB_PAD">
<item name="PAD" rev="13">
<attrib name="value" value="8"/></item>
</group>
<group name="SLICEM_CYMUXF">
<item name="0" rev="15">
<attrib name="value" value="8"/></item>
<item name="1" rev="15">
<attrib name="value" value="8"/></item>
<item name="OUT" rev="15">
<attrib name="value" value="8"/></item>
<item name="S0" rev="15">
<attrib name="value" value="8"/></item>
</group>
<group name="SLICEM_CYMUXG">
<item name="0" rev="15">
<attrib name="value" value="5"/></item>
<item name="1" rev="15">
<attrib name="value" value="8"/></item>
<item name="OUT" rev="15">
<attrib name="value" value="8"/></item>
<item name="S0" rev="15">
<attrib name="value" value="8"/></item>
</group>
<group name="SLICEL_C1VDD">
<item name="1" rev="15">
<attrib name="value" value="1"/></item>
</group>
<group name="IOB">
<item name="O1" rev="13">
<attrib name="value" value="8"/></item>
<item name="OTCLK1" rev="13">
<attrib name="value" value="8"/></item>
<item name="PAD" rev="13">
<attrib name="value" value="8"/></item>
</group>
<group name="BUFGMUX">
<item name="I0" rev="15">
<attrib name="value" value="2"/></item>
<item name="O" rev="15">
<attrib name="value" value="2"/></item>
<item name="S" rev="15">
<attrib name="value" value="2"/></item>
</group>
<group name="SLICEM_YBUSED">
<item name="0" rev="15">
<attrib name="value" value="3"/></item>
<item name="OUT" rev="15">
<attrib name="value" value="3"/></item>
</group>
<group name="SLICEL_F">
<item name="A1" rev="15">
<attrib name="value" value="350"/></item>
<item name="A2" rev="15">
<attrib name="value" value="209"/></item>
<item name="A3" rev="15">
<attrib name="value" value="170"/></item>
<item name="A4" rev="15">
<attrib name="value" value="123"/></item>
<item name="D" rev="15">
<attrib name="value" value="365"/></item>
</group>
<group name="SLICEL_G">
<item name="A1" rev="15">
<attrib name="value" value="490"/></item>
<item name="A2" rev="15">
<attrib name="value" value="221"/></item>
<item name="A3" rev="15">
<attrib name="value" value="166"/></item>
<item name="A4" rev="15">
<attrib name="value" value="109"/></item>
<item name="D" rev="15">
<attrib name="value" value="504"/></item>
</group>
<group name="RAMB16_RAMB16">
<item name="ADDRA" rev="15">
<attrib name="value" value="5"/></item>
<item name="ADDRB" rev="15">
<attrib name="value" value="5"/></item>
<item name="DIA" rev="15">
<attrib name="value" value="5"/></item>
<item name="DIB" rev="15">
<attrib name="value" value="5"/></item>
<item name="DOA" rev="15">
<attrib name="value" value="5"/></item>
<item name="DOB" rev="15">
<attrib name="value" value="5"/></item>
</group>
<group name="SLICEL_GNDF">
<item name="0" rev="15">
<attrib name="value" value="29"/></item>
</group>
<group name="SLICEL_GNDG">
<item name="0" rev="15">
<attrib name="value" value="24"/></item>
</group>
</ReportPinData>
<CmdHistory>
</CmdHistory>
</DeviceUsageSummary>
